id,focus,signal,slack,drag,confidence,score,lane,kind,invariant
g001,IR pressure,66,74,20,36,312,ship,baseline,monotonic-signal
g002,lowering drift,55,46,15,80,332,ship,edge,drag-penalty
g003,stack depth,97,34,35,50,292,ship,recovery,confidence-floor
g004,diagnostic reach,77,31,4,53,314,ship,negative,lane-boundary
g005,IR pressure,71,67,32,59,330,ship,baseline,monotonic-signal
g006,lowering drift,115,52,6,23,368,ship,edge,drag-penalty
g007,stack depth,97,12,36,53,252,ship,recovery,confidence-floor
g008,diagnostic reach,91,65,32,29,306,ship,negative,lane-boundary
g009,IR pressure,92,59,31,65,370,ship,baseline,monotonic-signal
g010,lowering drift,96,58,11,87,460,ship,edge,drag-penalty
g011,stack depth,101,60,45,60,352,ship,recovery,confidence-floor
g012,diagnostic reach,63,64,42,94,358,ship,negative,lane-boundary
g013,IR pressure,48,68,30,29,230,ship,baseline,monotonic-signal
g014,lowering drift,44,38,17,87,304,ship,edge,drag-penalty
g015,stack depth,45,25,33,78,230,ship,recovery,confidence-floor
g016,diagnostic reach,49,21,21,78,254,ship,negative,lane-boundary
g017,IR pressure,99,57,17,39,356,ship,baseline,monotonic-signal
g018,lowering drift,83,42,37,67,310,ship,edge,drag-penalty
g019,stack depth,79,72,7,43,374,ship,recovery,confidence-floor
g020,diagnostic reach,80,20,35,35,200,ship,negative,lane-boundary
g021,IR pressure,40,31,30,79,240,ship,baseline,monotonic-signal
g022,lowering drift,68,39,8,49,296,ship,edge,drag-penalty
g023,stack depth,85,46,19,52,328,ship,recovery,confidence-floor
g024,diagnostic reach,53,17,5,58,246,ship,negative,lane-boundary
g025,IR pressure,41,20,42,22,82,hold,baseline,monotonic-signal
g026,lowering drift,38,9,20,52,158,watch,edge,drag-penalty
g027,stack depth,84,41,31,28,244,ship,recovery,confidence-floor
g028,diagnostic reach,67,59,17,64,346,ship,negative,lane-boundary
g029,IR pressure,106,71,33,86,460,ship,baseline,monotonic-signal
g030,lowering drift,85,9,21,59,264,ship,edge,drag-penalty
g031,stack depth,34,51,17,93,322,ship,recovery,confidence-floor
g032,diagnostic reach,107,39,16,28,316,ship,negative,lane-boundary
g033,IR pressure,96,36,38,86,360,ship,baseline,monotonic-signal
g034,lowering drift,50,72,30,77,338,ship,edge,drag-penalty
g035,stack depth,30,57,27,77,274,ship,recovery,confidence-floor
g036,diagnostic reach,112,17,15,38,304,ship,negative,lane-boundary
g037,IR pressure,68,70,44,66,320,ship,baseline,monotonic-signal
g038,lowering drift,50,64,18,42,276,ship,edge,drag-penalty
g039,stack depth,44,63,6,34,270,ship,recovery,confidence-floor
g040,diagnostic reach,45,65,44,78,288,ship,negative,lane-boundary
g041,IR pressure,49,69,22,48,288,ship,baseline,monotonic-signal
g042,lowering drift,54,73,34,51,288,ship,edge,drag-penalty
g043,stack depth,104,43,20,57,368,ship,recovery,confidence-floor
g044,diagnostic reach,89,30,15,21,250,ship,negative,lane-boundary
g045,IR pressure,85,26,35,51,254,ship,baseline,monotonic-signal
g046,lowering drift,86,62,4,27,342,ship,edge,drag-penalty
g047,stack depth,90,47,32,63,336,ship,recovery,confidence-floor
g048,diagnostic reach,52,77,27,85,374,ship,negative,lane-boundary
g049,IR pressure,36,25,5,58,228,ship,baseline,monotonic-signal
g050,lowering drift,32,36,16,92,288,ship,edge,drag-penalty
g051,stack depth,33,44,44,27,120,watch,recovery,confidence-floor
g052,diagnostic reach,81,51,18,85,398,ship,negative,lane-boundary
g053,IR pressure,109,22,6,76,402,ship,baseline,monotonic-signal
g054,lowering drift,38,25,44,76,190,ship,edge,drag-penalty
g055,stack depth,94,14,43,37,204,ship,recovery,confidence-floor
g056,diagnostic reach,82,46,23,65,340,ship,negative,lane-boundary
g057,IR pressure,79,64,15,41,338,ship,baseline,monotonic-signal
g058,lowering drift,37,76,12,33,268,ship,edge,drag-penalty
g059,stack depth,108,14,42,77,314,ship,recovery,confidence-floor
g060,diagnostic reach,59,56,29,47,266,ship,negative,lane-boundary
g061,IR pressure,38,44,45,50,174,ship,baseline,monotonic-signal
g062,lowering drift,75,41,33,56,278,ship,edge,drag-penalty
g063,stack depth,60,77,29,20,256,ship,recovery,confidence-floor
g064,diagnostic reach,49,62,7,50,308,ship,negative,lane-boundary
g065,IR pressure,91,22,19,26,240,ship,baseline,monotonic-signal
g066,lowering drift,71,75,5,62,406,ship,edge,drag-penalty
g067,stack depth,65,69,42,84,352,ship,recovery,confidence-floor
g068,diagnostic reach,109,68,20,57,428,ship,negative,lane-boundary
g069,IR pressure,91,70,31,91,442,ship,baseline,monotonic-signal
g070,lowering drift,85,74,17,26,336,ship,edge,drag-penalty
g071,stack depth,86,8,12,84,332,ship,recovery,confidence-floor
g072,diagnostic reach,90,48,32,75,362,ship,negative,lane-boundary
g073,IR pressure,95,35,43,75,324,ship,baseline,monotonic-signal
g074,lowering drift,57,31,29,36,190,ship,edge,drag-penalty
g075,stack depth,42,67,45,64,256,ship,recovery,confidence-floor
g076,diagnostic reach,38,52,33,40,194,ship,negative,lane-boundary
g077,IR pressure,39,12,29,32,108,hold,baseline,monotonic-signal
g078,lowering drift,43,30,28,76,242,ship,edge,drag-penalty
g079,stack depth,93,41,8,46,344,ship,recovery,confidence-floor
g080,diagnostic reach,77,49,42,49,266,ship,negative,lane-boundary
g081,IR pressure,73,56,39,55,290,ship,baseline,monotonic-signal
g082,lowering drift,74,27,27,105,358,ship,edge,drag-penalty
g083,stack depth,34,30,14,49,198,ship,recovery,confidence-floor
g084,diagnostic reach,62,19,30,25,152,watch,negative,lane-boundary
g085,IR pressure,79,51,18,61,346,ship,baseline,monotonic-signal
g086,lowering drift,47,69,14,83,370,ship,edge,drag-penalty
g087,stack depth,35,11,34,56,136,watch,recovery,confidence-floor
g088,diagnostic reach,32,19,4,90,274,ship,negative,lane-boundary
g089,IR pressure,78,61,32,25,264,ship,baseline,monotonic-signal
g090,lowering drift,61,49,27,83,332,ship,edge,drag-penalty
g091,stack depth,100,46,5,74,430,ship,recovery,confidence-floor
g092,diagnostic reach,79,12,16,74,298,ship,negative,lane-boundary
g093,IR pressure,116,67,44,35,348,ship,baseline,monotonic-signal
g094,lowering drift,101,27,39,63,304,ship,edge,drag-penalty
g095,stack depth,90,10,17,39,244,ship,recovery,confidence-floor
g096,diagnostic reach,44,74,28,31,242,ship,negative,lane-boundary
